Center, E[Ts]_Diff, E[Tq]_Diff, E[s]_Diff, E[Ns]_Diff, E[Nq]_Diff, ρ_Diff, λ_Diff
0,4.2466254335465266,4.082007460678529,0.9313270551766237,8.37286263810298,6.412204268977414,0.09530789232405179,0.08621480452370367
1,8.018650990326133,7.519008124922909,0.1492647743403488,6.007361993951706,3.6847583474156718,0.18904360703635736,0.1063688924376579
2,4.236917902099091,4.655773694805072,1.4986870775929226,3.031253970965313,2.374561953251667,0.016058354535500863,0.04131755234759732
