Center, E[Ts], E[Tq], E[s], E[Ns], E[Nq], ρ, λ
0,20.123647308394254,0.12364730839425311,20.0,24.148376770073103,0.14837677007310374,0.7272727272727273,1.2
1,21.63305284038384,1.63305284038384,20.0,8.653221136153537,0.653221136153536,0.7272727272727273,0.4
2,21.63305284038384,1.63305284038384,20.0,8.653221136153537,0.653221136153536,0.7272727272727273,0.4
