Center, E[Ts]_Diff, E[Ts]_CI, E[Ts]_Within, E[Tq]_Diff, E[Tq]_CI, E[Tq]_Within, E[s]_Diff, E[s]_CI, E[s]_Within, E[Ns]_Diff, E[Ns]_CI, E[Ns]_Within, E[Nq]_Diff, E[Nq]_CI, E[Nq]_Within, ρ_Diff, ρ_CI, ρ_Within, λ_Diff, λ_CI, λ_Within
0,4.2466254335465266,5.607824975463774,true,4.082007460678529,5.3067650442762355,true,0.9313270551766237,0.3611126077335133,false,8.37286263810298,10.48671011131844,true,6.412204268977414,8.487600821359901,true,0.09530789232405179,0.05223934525688471,false,0.08621480452370367,0.08233293165590645,false
1,8.018650990326133,2.681715417708995,false,7.519008124922909,1.2281484023547333,false,0.1492647743403488,2.3731868445371407,true,6.007361993951706,0.4583216816471196,false,3.6847583474156718,0.4471288216631921,false,0.18904360703635736,0.025307474265389606,false,0.1063688924376579,0.03071355024298423,false
2,4.236917902099091,0.8717639394140508,false,4.655773694805072,1.8475186311946565,false,1.4986870775929226,2.4510598314911953,true,3.031253970965313,0.8419068746222818,false,2.374561953251667,0.9218554473868079,false,0.016058354535500863,0.0696094666812672,true,0.04131755234759732,0.04100787065779143,false
